--
-- PostgreSQL database dump
--

-- Dumped from database version 14.8 (Ubuntu 14.8-0ubuntu0.22.10.1)
-- Dumped by pg_dump version 14.8 (Ubuntu 14.8-0ubuntu0.22.10.1)

SET statement_timeout = 0;
SET lock_timeout = 0;
SET idle_in_transaction_session_timeout = 0;
SET client_encoding = 'UTF8';
SET standard_conforming_strings = on;
SELECT pg_catalog.set_config('search_path', '', false);
SET check_function_bodies = false;
SET xmloption = content;
SET client_min_messages = warning;
SET row_security = off;

SET default_tablespace = '';

SET default_table_access_method = heap;

--
-- Name: alleles; Type: TABLE; Schema: public; Owner: tim
--

CREATE TABLE public.alleles (
    id bigint NOT NULL,
    name character varying,
    chromosome_id bigint NOT NULL,
    created_at timestamp(6) without time zone NOT NULL,
    updated_at timestamp(6) without time zone NOT NULL,
    inheritable_type character varying NOT NULL,
    inheritable_id integer NOT NULL
);


ALTER TABLE public.alleles OWNER TO tim;

--
-- Name: alleles_id_seq; Type: SEQUENCE; Schema: public; Owner: tim
--

CREATE SEQUENCE public.alleles_id_seq
    START WITH 1
    INCREMENT BY 1
    NO MINVALUE
    NO MAXVALUE
    CACHE 1;


ALTER TABLE public.alleles_id_seq OWNER TO tim;

--
-- Name: alleles_id_seq; Type: SEQUENCE OWNED BY; Schema: public; Owner: tim
--

ALTER SEQUENCE public.alleles_id_seq OWNED BY public.alleles.id;


--
-- Name: ar_internal_metadata; Type: TABLE; Schema: public; Owner: tim
--

CREATE TABLE public.ar_internal_metadata (
    key character varying NOT NULL,
    value character varying,
    created_at timestamp(6) without time zone NOT NULL,
    updated_at timestamp(6) without time zone NOT NULL
);


ALTER TABLE public.ar_internal_metadata OWNER TO tim;

--
-- Name: boolean_alleles; Type: TABLE; Schema: public; Owner: tim
--

CREATE TABLE public.boolean_alleles (
    id bigint NOT NULL,
    created_at timestamp(6) without time zone NOT NULL,
    updated_at timestamp(6) without time zone NOT NULL
);


ALTER TABLE public.boolean_alleles OWNER TO tim;

--
-- Name: boolean_alleles_id_seq; Type: SEQUENCE; Schema: public; Owner: tim
--

CREATE SEQUENCE public.boolean_alleles_id_seq
    START WITH 1
    INCREMENT BY 1
    NO MINVALUE
    NO MAXVALUE
    CACHE 1;


ALTER TABLE public.boolean_alleles_id_seq OWNER TO tim;

--
-- Name: boolean_alleles_id_seq; Type: SEQUENCE OWNED BY; Schema: public; Owner: tim
--

ALTER SEQUENCE public.boolean_alleles_id_seq OWNED BY public.boolean_alleles.id;


--
-- Name: boolean_values; Type: TABLE; Schema: public; Owner: tim
--

CREATE TABLE public.boolean_values (
    id bigint NOT NULL,
    data boolean DEFAULT false NOT NULL,
    created_at timestamp(6) without time zone NOT NULL,
    updated_at timestamp(6) without time zone NOT NULL
);


ALTER TABLE public.boolean_values OWNER TO tim;

--
-- Name: boolean_values_id_seq; Type: SEQUENCE; Schema: public; Owner: tim
--

CREATE SEQUENCE public.boolean_values_id_seq
    START WITH 1
    INCREMENT BY 1
    NO MINVALUE
    NO MAXVALUE
    CACHE 1;


ALTER TABLE public.boolean_values_id_seq OWNER TO tim;

--
-- Name: boolean_values_id_seq; Type: SEQUENCE OWNED BY; Schema: public; Owner: tim
--

ALTER SEQUENCE public.boolean_values_id_seq OWNED BY public.boolean_values.id;


--
-- Name: chromosomes; Type: TABLE; Schema: public; Owner: tim
--

CREATE TABLE public.chromosomes (
    id bigint NOT NULL,
    name character varying,
    created_at timestamp(6) without time zone NOT NULL,
    updated_at timestamp(6) without time zone NOT NULL
);


ALTER TABLE public.chromosomes OWNER TO tim;

--
-- Name: chromosomes_id_seq; Type: SEQUENCE; Schema: public; Owner: tim
--

CREATE SEQUENCE public.chromosomes_id_seq
    START WITH 1
    INCREMENT BY 1
    NO MINVALUE
    NO MAXVALUE
    CACHE 1;


ALTER TABLE public.chromosomes_id_seq OWNER TO tim;

--
-- Name: chromosomes_id_seq; Type: SEQUENCE OWNED BY; Schema: public; Owner: tim
--

ALTER SEQUENCE public.chromosomes_id_seq OWNED BY public.chromosomes.id;


--
-- Name: float_alleles; Type: TABLE; Schema: public; Owner: tim
--

CREATE TABLE public.float_alleles (
    id bigint NOT NULL,
    minimum double precision DEFAULT 0.0 NOT NULL,
    maximum double precision DEFAULT 1.0 NOT NULL,
    created_at timestamp(6) without time zone NOT NULL,
    updated_at timestamp(6) without time zone NOT NULL
);


ALTER TABLE public.float_alleles OWNER TO tim;

--
-- Name: float_alleles_id_seq; Type: SEQUENCE; Schema: public; Owner: tim
--

CREATE SEQUENCE public.float_alleles_id_seq
    START WITH 1
    INCREMENT BY 1
    NO MINVALUE
    NO MAXVALUE
    CACHE 1;


ALTER TABLE public.float_alleles_id_seq OWNER TO tim;

--
-- Name: float_alleles_id_seq; Type: SEQUENCE OWNED BY; Schema: public; Owner: tim
--

ALTER SEQUENCE public.float_alleles_id_seq OWNED BY public.float_alleles.id;


--
-- Name: float_values; Type: TABLE; Schema: public; Owner: tim
--

CREATE TABLE public.float_values (
    id bigint NOT NULL,
    data double precision,
    created_at timestamp(6) without time zone NOT NULL,
    updated_at timestamp(6) without time zone NOT NULL
);


ALTER TABLE public.float_values OWNER TO tim;

--
-- Name: float_values_id_seq; Type: SEQUENCE; Schema: public; Owner: tim
--

CREATE SEQUENCE public.float_values_id_seq
    START WITH 1
    INCREMENT BY 1
    NO MINVALUE
    NO MAXVALUE
    CACHE 1;


ALTER TABLE public.float_values_id_seq OWNER TO tim;

--
-- Name: float_values_id_seq; Type: SEQUENCE OWNED BY; Schema: public; Owner: tim
--

ALTER SEQUENCE public.float_values_id_seq OWNED BY public.float_values.id;


--
-- Name: generations; Type: TABLE; Schema: public; Owner: tim
--

CREATE TABLE public.generations (
    id bigint NOT NULL,
    chromosome_id bigint NOT NULL,
    iteration integer DEFAULT '-1'::integer NOT NULL,
    created_at timestamp(6) without time zone NOT NULL,
    updated_at timestamp(6) without time zone NOT NULL
);


ALTER TABLE public.generations OWNER TO tim;

--
-- Name: generations_id_seq; Type: SEQUENCE; Schema: public; Owner: tim
--

CREATE SEQUENCE public.generations_id_seq
    START WITH 1
    INCREMENT BY 1
    NO MINVALUE
    NO MAXVALUE
    CACHE 1;


ALTER TABLE public.generations_id_seq OWNER TO tim;

--
-- Name: generations_id_seq; Type: SEQUENCE OWNED BY; Schema: public; Owner: tim
--

ALTER SEQUENCE public.generations_id_seq OWNED BY public.generations.id;


--
-- Name: integer_alleles; Type: TABLE; Schema: public; Owner: tim
--

CREATE TABLE public.integer_alleles (
    id bigint NOT NULL,
    minimum integer DEFAULT 0 NOT NULL,
    maximum integer DEFAULT 100 NOT NULL,
    created_at timestamp(6) without time zone NOT NULL,
    updated_at timestamp(6) without time zone NOT NULL
);


ALTER TABLE public.integer_alleles OWNER TO tim;

--
-- Name: integer_alleles_id_seq; Type: SEQUENCE; Schema: public; Owner: tim
--

CREATE SEQUENCE public.integer_alleles_id_seq
    START WITH 1
    INCREMENT BY 1
    NO MINVALUE
    NO MAXVALUE
    CACHE 1;


ALTER TABLE public.integer_alleles_id_seq OWNER TO tim;

--
-- Name: integer_alleles_id_seq; Type: SEQUENCE OWNED BY; Schema: public; Owner: tim
--

ALTER SEQUENCE public.integer_alleles_id_seq OWNED BY public.integer_alleles.id;


--
-- Name: integer_values; Type: TABLE; Schema: public; Owner: tim
--

CREATE TABLE public.integer_values (
    id bigint NOT NULL,
    data integer,
    created_at timestamp(6) without time zone NOT NULL,
    updated_at timestamp(6) without time zone NOT NULL
);


ALTER TABLE public.integer_values OWNER TO tim;

--
-- Name: integer_values_id_seq; Type: SEQUENCE; Schema: public; Owner: tim
--

CREATE SEQUENCE public.integer_values_id_seq
    START WITH 1
    INCREMENT BY 1
    NO MINVALUE
    NO MAXVALUE
    CACHE 1;


ALTER TABLE public.integer_values_id_seq OWNER TO tim;

--
-- Name: integer_values_id_seq; Type: SEQUENCE OWNED BY; Schema: public; Owner: tim
--

ALTER SEQUENCE public.integer_values_id_seq OWNED BY public.integer_values.id;


--
-- Name: organisms; Type: TABLE; Schema: public; Owner: tim
--

CREATE TABLE public.organisms (
    id bigint NOT NULL,
    generation_id bigint NOT NULL,
    fitness integer,
    created_at timestamp(6) without time zone NOT NULL,
    updated_at timestamp(6) without time zone NOT NULL
);


ALTER TABLE public.organisms OWNER TO tim;

--
-- Name: organisms_id_seq; Type: SEQUENCE; Schema: public; Owner: tim
--

CREATE SEQUENCE public.organisms_id_seq
    START WITH 1
    INCREMENT BY 1
    NO MINVALUE
    NO MAXVALUE
    CACHE 1;


ALTER TABLE public.organisms_id_seq OWNER TO tim;

--
-- Name: organisms_id_seq; Type: SEQUENCE OWNED BY; Schema: public; Owner: tim
--

ALTER SEQUENCE public.organisms_id_seq OWNED BY public.organisms.id;


--
-- Name: relationships; Type: TABLE; Schema: public; Owner: tim
--

CREATE TABLE public.relationships (
    id bigint NOT NULL,
    parent_id bigint NOT NULL,
    child_id bigint NOT NULL,
    created_at timestamp(6) without time zone NOT NULL,
    updated_at timestamp(6) without time zone NOT NULL
);


ALTER TABLE public.relationships OWNER TO tim;

--
-- Name: relationships_id_seq; Type: SEQUENCE; Schema: public; Owner: tim
--

CREATE SEQUENCE public.relationships_id_seq
    START WITH 1
    INCREMENT BY 1
    NO MINVALUE
    NO MAXVALUE
    CACHE 1;


ALTER TABLE public.relationships_id_seq OWNER TO tim;

--
-- Name: relationships_id_seq; Type: SEQUENCE OWNED BY; Schema: public; Owner: tim
--

ALTER SEQUENCE public.relationships_id_seq OWNED BY public.relationships.id;


--
-- Name: schema_migrations; Type: TABLE; Schema: public; Owner: tim
--

CREATE TABLE public.schema_migrations (
    version character varying NOT NULL
);


ALTER TABLE public.schema_migrations OWNER TO tim;

--
-- Name: values; Type: TABLE; Schema: public; Owner: tim
--

CREATE TABLE public."values" (
    id bigint NOT NULL,
    organism_id bigint NOT NULL,
    allele_id bigint NOT NULL,
    valuable_type character varying,
    valuable_id integer,
    created_at timestamp(6) without time zone NOT NULL,
    updated_at timestamp(6) without time zone NOT NULL
);


ALTER TABLE public."values" OWNER TO tim;

--
-- Name: values_id_seq; Type: SEQUENCE; Schema: public; Owner: tim
--

CREATE SEQUENCE public.values_id_seq
    START WITH 1
    INCREMENT BY 1
    NO MINVALUE
    NO MAXVALUE
    CACHE 1;


ALTER TABLE public.values_id_seq OWNER TO tim;

--
-- Name: values_id_seq; Type: SEQUENCE OWNED BY; Schema: public; Owner: tim
--

ALTER SEQUENCE public.values_id_seq OWNED BY public."values".id;


--
-- Name: alleles id; Type: DEFAULT; Schema: public; Owner: tim
--

ALTER TABLE ONLY public.alleles ALTER COLUMN id SET DEFAULT nextval('public.alleles_id_seq'::regclass);


--
-- Name: boolean_alleles id; Type: DEFAULT; Schema: public; Owner: tim
--

ALTER TABLE ONLY public.boolean_alleles ALTER COLUMN id SET DEFAULT nextval('public.boolean_alleles_id_seq'::regclass);


--
-- Name: boolean_values id; Type: DEFAULT; Schema: public; Owner: tim
--

ALTER TABLE ONLY public.boolean_values ALTER COLUMN id SET DEFAULT nextval('public.boolean_values_id_seq'::regclass);


--
-- Name: chromosomes id; Type: DEFAULT; Schema: public; Owner: tim
--

ALTER TABLE ONLY public.chromosomes ALTER COLUMN id SET DEFAULT nextval('public.chromosomes_id_seq'::regclass);


--
-- Name: float_alleles id; Type: DEFAULT; Schema: public; Owner: tim
--

ALTER TABLE ONLY public.float_alleles ALTER COLUMN id SET DEFAULT nextval('public.float_alleles_id_seq'::regclass);


--
-- Name: float_values id; Type: DEFAULT; Schema: public; Owner: tim
--

ALTER TABLE ONLY public.float_values ALTER COLUMN id SET DEFAULT nextval('public.float_values_id_seq'::regclass);


--
-- Name: generations id; Type: DEFAULT; Schema: public; Owner: tim
--

ALTER TABLE ONLY public.generations ALTER COLUMN id SET DEFAULT nextval('public.generations_id_seq'::regclass);


--
-- Name: integer_alleles id; Type: DEFAULT; Schema: public; Owner: tim
--

ALTER TABLE ONLY public.integer_alleles ALTER COLUMN id SET DEFAULT nextval('public.integer_alleles_id_seq'::regclass);


--
-- Name: integer_values id; Type: DEFAULT; Schema: public; Owner: tim
--

ALTER TABLE ONLY public.integer_values ALTER COLUMN id SET DEFAULT nextval('public.integer_values_id_seq'::regclass);


--
-- Name: organisms id; Type: DEFAULT; Schema: public; Owner: tim
--

ALTER TABLE ONLY public.organisms ALTER COLUMN id SET DEFAULT nextval('public.organisms_id_seq'::regclass);


--
-- Name: relationships id; Type: DEFAULT; Schema: public; Owner: tim
--

ALTER TABLE ONLY public.relationships ALTER COLUMN id SET DEFAULT nextval('public.relationships_id_seq'::regclass);


--
-- Name: values id; Type: DEFAULT; Schema: public; Owner: tim
--

ALTER TABLE ONLY public."values" ALTER COLUMN id SET DEFAULT nextval('public.values_id_seq'::regclass);


--
-- Data for Name: alleles; Type: TABLE DATA; Schema: public; Owner: tim
--

COPY public.alleles (id, name, chromosome_id, created_at, updated_at, inheritable_type, inheritable_id) FROM stdin;
1	button1	4	2023-12-19 22:51:56.597775	2023-12-19 22:51:56.597775	Alleles::Float	1
2	button2	4	2023-12-19 22:51:56.62901	2023-12-19 22:51:56.62901	Alleles::Float	2
3	button3	4	2023-12-19 22:51:56.660618	2023-12-19 22:51:56.660618	Alleles::Float	3
7	poolish_flour	6	2023-12-21 22:13:28.991207	2023-12-21 22:13:28.991207	Alleles::Integer	1
8	poolish_water	6	2023-12-21 22:13:44.580901	2023-12-21 22:13:44.580901	Alleles::Integer	2
9	dough_yeast	6	2023-12-21 22:15:15.830505	2023-12-21 22:15:15.830505	Alleles::Integer	3
10	dough_water	6	2023-12-21 22:17:35.74076	2023-12-21 22:17:35.74076	Alleles::Integer	4
11	dough_all_purpose	6	2023-12-21 22:17:58.776507	2023-12-21 22:17:58.776507	Alleles::Integer	5
12	dough_wholeweat	6	2023-12-21 22:18:16.903245	2023-12-21 22:18:16.903245	Alleles::Integer	6
13	dough_salt	6	2023-12-21 22:18:43.326626	2023-12-21 22:18:43.326626	Alleles::Integer	7
14	batch_size	7	2024-01-06 20:05:29.560633	2024-01-06 20:05:29.560633	Alleles::Integer	15
16	cond_dropout	7	2024-01-06 20:06:23.403975	2024-01-06 20:07:15.012572	Alleles::Float	8
18	flip_p	7	2024-01-06 20:12:16.416314	2024-01-06 20:12:16.416314	Alleles::Float	10
19	grad_accum	7	2024-01-06 20:13:22.650927	2024-01-06 20:14:05.016355	Alleles::Integer	17
20	zero_frequency_noise_ratio	7	2024-01-06 20:16:07.356194	2024-01-06 20:16:07.356194	Alleles::Float	11
15	clip_skip	7	2024-01-06 20:05:50.144191	2024-01-13 14:53:06.986137	Alleles::Integer	16
22	base_epsilon	7	2024-01-08 13:50:47.65265	2024-01-13 14:56:54.735062	Alleles::Float	13
17	base_lr	7	2024-01-06 20:09:51.122967	2024-01-14 17:00:37.071511	Alleles::Float	9
21	text_lr	7	2024-01-07 16:00:46.726768	2024-01-14 17:02:43.984852	Alleles::Float	12
\.


--
-- Data for Name: ar_internal_metadata; Type: TABLE DATA; Schema: public; Owner: tim
--

COPY public.ar_internal_metadata (key, value, created_at, updated_at) FROM stdin;
environment	development	2023-12-16 18:51:08.15367	2023-12-16 18:51:08.153675
\.


--
-- Data for Name: boolean_alleles; Type: TABLE DATA; Schema: public; Owner: tim
--

COPY public.boolean_alleles (id, created_at, updated_at) FROM stdin;
\.


--
-- Data for Name: boolean_values; Type: TABLE DATA; Schema: public; Owner: tim
--

COPY public.boolean_values (id, data, created_at, updated_at) FROM stdin;
\.


--
-- Data for Name: chromosomes; Type: TABLE DATA; Schema: public; Owner: tim
--

COPY public.chromosomes (id, name, created_at, updated_at) FROM stdin;
4	Tip Recommendations	2023-12-19 22:51:56.538475	2023-12-19 22:51:56.538475
6	bread	2023-12-21 22:06:18.00058	2023-12-21 22:06:18.00058
7	tg	2024-01-06 20:03:58.936716	2024-01-06 20:03:58.936716
\.


--
-- Data for Name: float_alleles; Type: TABLE DATA; Schema: public; Owner: tim
--

COPY public.float_alleles (id, minimum, maximum, created_at, updated_at) FROM stdin;
1	1	50	2023-12-19 22:51:56.569392	2023-12-19 22:51:56.569392
2	1	50	2023-12-19 22:51:56.616224	2023-12-19 22:51:56.616224
3	1	50	2023-12-19 22:51:56.641922	2023-12-19 22:51:56.641922
4	140	160	2023-12-21 22:11:05.101092	2023-12-21 22:11:05.101092
5	140	160	2023-12-21 22:11:15.325781	2023-12-21 22:11:15.325781
6	140	160	2023-12-21 22:11:29.274697	2023-12-21 22:11:29.274697
7	2	6	2023-12-21 22:12:20.852511	2023-12-21 22:12:20.852511
8	0	0.1	2024-01-06 20:06:23.396955	2024-01-06 20:07:15.010861
10	0	1	2024-01-06 20:12:16.410658	2024-01-06 20:12:16.410658
11	0	0.2	2024-01-06 20:16:07.351197	2024-01-06 20:16:07.351197
9	1e-08	1e-05	2024-01-06 20:09:51.11742	2024-01-13 14:51:37.384224
12	1e-08	1e-05	2024-01-07 16:00:46.721175	2024-01-13 14:54:52.934934
13	1e-09	1e-07	2024-01-08 13:50:47.631456	2024-01-13 14:56:54.73343
\.


--
-- Data for Name: float_values; Type: TABLE DATA; Schema: public; Owner: tim
--

COPY public.float_values (id, data, created_at, updated_at) FROM stdin;
1	0.05978505742560169	2024-01-06 20:18:35.78052	2024-01-07 15:45:51.813267
2	2.374571755692784e-08	2024-01-06 20:18:35.788271	2024-01-07 15:46:26.162856
3	0.36843570805432935	2024-01-06 20:18:35.792304	2024-01-07 15:46:54.603989
4	0.046994149101946416	2024-01-06 20:18:35.800095	2024-01-07 15:47:43.674878
5	1.5319915856844382e-06	2024-01-07 16:02:49.188215	2024-01-07 16:03:43.298975
6	1e-08	2024-01-08 13:54:09.703416	2024-01-08 13:58:02.182085
7	0.042501711213892526	2024-01-08 13:59:39.32426	2024-01-08 14:00:24.272521
8	2.1975581534770942e-07	2024-01-08 13:59:39.32876	2024-01-08 14:00:24.278197
9	0.5833419832366594	2024-01-08 13:59:39.333044	2024-01-08 14:00:24.283883
10	0.1543047618076268	2024-01-08 13:59:39.342556	2024-01-08 14:00:24.296405
11	1.7760527442370245e-07	2024-01-08 13:59:39.347049	2024-01-08 14:00:24.301954
12	8.66064909629147e-08	2024-01-08 13:59:39.351923	2024-01-08 14:00:24.30677
13	0.03985037805343392	2024-01-09 12:49:11.929045	2024-01-09 12:49:24.473161
14	5.775376465484479e-07	2024-01-09 12:49:11.934881	2024-01-09 12:49:24.478515
15	0.37341157827524174	2024-01-09 12:49:11.940064	2024-01-09 12:49:24.483331
16	0.12160792868631534	2024-01-09 12:49:11.950278	2024-01-09 12:49:24.494351
17	7.998281710805534e-07	2024-01-09 12:49:11.955371	2024-01-09 12:49:24.499339
18	1.2859447316113412e-08	2024-01-09 12:49:11.960112	2024-01-09 12:49:24.504288
19	0.03764810061405738	2024-01-11 12:44:56.978011	2024-01-11 12:46:06.57058
20	0.0006628601208271671	2024-01-11 12:44:56.982957	2024-01-11 12:46:06.574586
21	0.5976970127362242	2024-01-11 12:44:56.987034	2024-01-11 12:46:06.578487
22	0.15420895934302417	2024-01-11 12:44:56.99531	2024-01-11 12:46:06.58657
24	0.0009255183665732053	2024-01-11 12:44:57.00418	2024-01-11 12:46:06.592021
23	0.002179640304426935	2024-01-11 12:44:56.999738	2024-01-11 12:54:13.481738
25	0.07481187281333206	2024-01-11 17:36:31.869711	2024-01-11 17:37:20.122233
26	0.0005693422151233561	2024-01-11 17:36:31.874749	2024-01-11 17:37:20.127693
27	0.4453266950613183	2024-01-11 17:36:31.879011	2024-01-11 17:37:20.133109
28	0.08686641502865672	2024-01-11 17:36:31.88744	2024-01-11 17:37:20.143993
30	0.0006087196400780988	2024-01-11 17:36:31.89634	2024-01-11 17:37:20.151899
29	0.004724470034230729	2024-01-11 17:36:31.89199	2024-01-11 17:40:17.674601
31	0.024810350470458833	2024-01-12 12:19:58.292271	2024-01-12 12:21:22.993833
32	0.0005148139757989972	2024-01-12 12:19:58.298048	2024-01-12 12:21:23.007714
33	0.6857556137317821	2024-01-12 12:19:58.302902	2024-01-12 12:21:23.020599
34	0.14694293935829608	2024-01-12 12:19:58.312467	2024-01-12 12:21:23.052232
35	0.0035916873869194137	2024-01-12 12:19:58.316915	2024-01-12 12:21:23.065822
36	0.00031858757054372544	2024-01-12 12:19:58.321733	2024-01-12 12:21:23.079426
37	0.07156906605199186	2024-01-12 19:01:09.129252	2024-01-12 19:01:44.221778
38	0.0009323527039359884	2024-01-12 19:01:09.135661	2024-01-12 19:01:44.226184
39	0.05281204898574543	2024-01-12 19:01:09.140596	2024-01-12 19:01:44.230612
40	0.10091713030867096	2024-01-12 19:01:09.149804	2024-01-12 19:01:44.239697
41	0.0028261869474538576	2024-01-12 19:01:09.154296	2024-01-12 19:01:44.244392
42	8.147716994602059e-05	2024-01-12 19:01:09.158784	2024-01-12 19:01:44.248945
43	0.005987677692111038	2024-01-13 03:19:40.349766	2024-01-13 03:19:58.172865
44	0.00021067744719215913	2024-01-13 03:19:40.353765	2024-01-13 03:19:58.177811
45	0.5360326673095317	2024-01-13 03:19:40.35824	2024-01-13 03:19:58.183541
46	0.14084434687605193	2024-01-13 03:19:40.36688	2024-01-13 03:19:58.193763
47	0.0028247744604957803	2024-01-13 03:19:40.371568	2024-01-13 03:19:58.199163
48	0.0009046815759720247	2024-01-13 03:19:40.375728	2024-01-13 03:19:58.204569
49	0.08567775154000909	2024-01-13 14:42:02.012672	2024-01-13 14:42:16.178353
50	0.0004074268378580594	2024-01-13 14:42:02.017001	2024-01-13 14:42:16.183171
51	0.38284115142370934	2024-01-13 14:42:02.021207	2024-01-13 14:42:16.189216
52	0.16088789021985017	2024-01-13 14:42:02.029052	2024-01-13 14:42:16.200534
53	0.002869698271173388	2024-01-13 14:42:02.036052	2024-01-13 14:42:16.206505
54	0.00041581534655170524	2024-01-13 14:42:02.040255	2024-01-13 14:42:16.211476
55	0.01106867782262716	2024-01-13 14:58:10.870285	2024-01-13 14:58:24.377304
56	4.827579974120785e-07	2024-01-13 14:58:10.883387	2024-01-13 14:58:24.390774
57	0.28439429479626566	2024-01-13 14:58:10.896665	2024-01-13 14:58:24.403373
58	0.013774333744928959	2024-01-13 14:58:10.922308	2024-01-13 14:58:24.43216
59	2.9135806272166525e-06	2024-01-13 14:58:10.935527	2024-01-13 14:58:24.452224
60	3.958298478053932e-08	2024-01-13 14:58:10.948614	2024-01-13 14:58:24.471883
61	0.016150858415006842	2024-01-14 02:59:38.550257	2024-01-14 02:59:44.123863
62	7.315320205864426e-06	2024-01-14 02:59:38.555472	2024-01-14 02:59:44.128007
63	0.9539246864857093	2024-01-14 02:59:38.559846	2024-01-14 02:59:44.132733
64	0.09811543394302401	2024-01-14 02:59:38.569743	2024-01-14 02:59:44.143368
65	8.533852500273798e-06	2024-01-14 02:59:38.574272	2024-01-14 02:59:44.148503
66	7.936004501486922e-09	2024-01-14 02:59:38.579509	2024-01-14 02:59:44.153299
67	0.005568616466386844	2024-01-14 15:22:18.573782	2024-01-14 15:22:21.548329
68	2.375110515833217e-06	2024-01-14 15:22:18.591974	2024-01-14 15:22:21.56283
69	0.695835408860615	2024-01-14 15:22:18.605278	2024-01-14 15:22:21.574797
70	0.07208347555211718	2024-01-14 15:22:18.630795	2024-01-14 15:22:21.602266
71	9.542875781459822e-06	2024-01-14 15:22:18.643431	2024-01-14 15:22:21.616136
72	2.2602180985888204e-08	2024-01-14 15:22:18.656746	2024-01-14 15:22:21.628428
\.


--
-- Data for Name: generations; Type: TABLE DATA; Schema: public; Owner: tim
--

COPY public.generations (id, chromosome_id, iteration, created_at, updated_at) FROM stdin;
1	4	1	2023-12-19 22:51:56.679594	2023-12-19 22:51:56.679594
2	6	-1	2023-12-21 22:58:49.971889	2023-12-21 22:58:49.971889
3	7	1	2024-01-06 20:17:31.151826	2024-01-08 13:59:19.338729
\.


--
-- Data for Name: integer_alleles; Type: TABLE DATA; Schema: public; Owner: tim
--

COPY public.integer_alleles (id, minimum, maximum, created_at, updated_at) FROM stdin;
1	140	160	2023-12-21 22:13:28.979595	2023-12-21 22:13:28.979595
2	140	160	2023-12-21 22:13:44.570395	2023-12-21 22:13:44.570395
3	2	6	2023-12-21 22:15:15.803384	2023-12-21 22:15:15.803384
4	260	280	2023-12-21 22:17:35.730347	2023-12-21 22:17:35.730347
5	330	370	2023-12-21 22:17:58.765391	2023-12-21 22:17:58.765391
6	40	50	2023-12-21 22:18:16.893062	2023-12-21 22:18:16.893062
7	8	12	2023-12-21 22:18:43.314764	2023-12-21 22:18:43.314764
8	0	100	2023-12-21 23:34:07.706636	2023-12-21 23:34:07.706636
9	0	100	2023-12-21 23:34:07.714757	2023-12-21 23:34:07.714757
10	0	100	2023-12-21 23:34:07.719195	2023-12-21 23:34:07.719195
11	0	100	2023-12-21 23:34:07.723349	2023-12-21 23:34:07.723349
12	0	100	2023-12-21 23:34:07.727699	2023-12-21 23:34:07.727699
13	0	100	2023-12-21 23:34:07.731874	2023-12-21 23:34:07.731874
14	0	100	2023-12-21 23:34:07.736255	2023-12-21 23:34:07.736255
15	1	8	2024-01-06 20:05:29.549215	2024-01-06 20:05:29.549215
17	1	3	2024-01-06 20:13:22.645945	2024-01-06 20:14:05.014386
16	1	2	2024-01-06 20:05:50.136544	2024-01-13 14:53:06.982401
\.


--
-- Data for Name: integer_values; Type: TABLE DATA; Schema: public; Owner: tim
--

COPY public.integer_values (id, data, created_at, updated_at) FROM stdin;
1	7	2023-12-19 22:51:56.723078	2023-12-19 22:51:56.723078
2	14	2023-12-19 22:51:56.739347	2023-12-19 22:51:56.739347
3	31	2023-12-19 22:51:56.751516	2023-12-19 22:51:56.751516
4	9	2023-12-19 22:51:56.77722	2023-12-19 22:51:56.77722
5	14	2023-12-19 22:51:56.790519	2023-12-19 22:51:56.790519
6	34	2023-12-19 22:51:56.80296	2023-12-19 22:51:56.80296
7	3	2023-12-19 22:51:56.829399	2023-12-19 22:51:56.829399
8	21	2023-12-19 22:51:56.853224	2023-12-19 22:51:56.853224
9	46	2023-12-19 22:51:56.86622	2023-12-19 22:51:56.86622
10	11	2023-12-19 22:51:56.892059	2023-12-19 22:51:56.892059
11	28	2023-12-19 22:51:56.904494	2023-12-19 22:51:56.904494
12	43	2023-12-19 22:51:56.918324	2023-12-19 22:51:56.918324
13	28	2023-12-19 22:51:56.944391	2023-12-19 22:51:56.944391
14	46	2023-12-19 22:51:56.95671	2023-12-19 22:51:56.95671
15	50	2023-12-19 22:51:56.970046	2023-12-19 22:51:56.970046
16	14	2023-12-19 22:51:56.995727	2023-12-19 22:51:56.995727
17	44	2023-12-19 22:51:57.008389	2023-12-19 22:51:57.008389
18	48	2023-12-19 22:51:57.02229	2023-12-19 22:51:57.02229
19	13	2023-12-19 22:51:57.047962	2023-12-19 22:51:57.047962
20	21	2023-12-19 22:51:57.06035	2023-12-19 22:51:57.06035
21	47	2023-12-19 22:51:57.073764	2023-12-19 22:51:57.073764
22	4	2023-12-19 22:51:57.099554	2023-12-19 22:51:57.099554
23	25	2023-12-19 22:51:57.117407	2023-12-19 22:51:57.117407
24	38	2023-12-19 22:51:57.131047	2023-12-19 22:51:57.131047
25	8	2023-12-19 22:51:57.157184	2023-12-19 22:51:57.157184
26	24	2023-12-19 22:51:57.174597	2023-12-19 22:51:57.174597
27	25	2023-12-19 22:51:57.191471	2023-12-19 22:51:57.191471
28	3	2023-12-19 22:51:57.244421	2023-12-19 22:51:57.244421
29	4	2023-12-19 22:51:57.277321	2023-12-19 22:51:57.277321
30	6	2023-12-19 22:51:57.312248	2023-12-19 22:51:57.312248
31	2	2023-12-19 22:51:57.337725	2023-12-19 22:51:57.337725
32	41	2023-12-19 22:51:57.350342	2023-12-19 22:51:57.350342
33	42	2023-12-19 22:51:57.368018	2023-12-19 22:51:57.368018
34	9	2023-12-19 22:51:57.398587	2023-12-19 22:51:57.398587
35	12	2023-12-19 22:51:57.416354	2023-12-19 22:51:57.416354
36	16	2023-12-19 22:51:57.430421	2023-12-19 22:51:57.430421
37	4	2023-12-19 22:51:57.460921	2023-12-19 22:51:57.460921
38	11	2023-12-19 22:51:57.473849	2023-12-19 22:51:57.473849
39	41	2023-12-19 22:51:57.486883	2023-12-19 22:51:57.486883
40	1	2023-12-19 22:51:57.51231	2023-12-19 22:51:57.51231
41	24	2023-12-19 22:51:57.525851	2023-12-19 22:51:57.525851
42	35	2023-12-19 22:51:57.538831	2023-12-19 22:51:57.538831
43	23	2023-12-19 22:51:57.565138	2023-12-19 22:51:57.565138
44	29	2023-12-19 22:51:57.578715	2023-12-19 22:51:57.578715
45	45	2023-12-19 22:51:57.59664	2023-12-19 22:51:57.59664
46	4	2023-12-19 22:51:57.628072	2023-12-19 22:51:57.628072
47	23	2023-12-19 22:51:57.645774	2023-12-19 22:51:57.645774
48	47	2023-12-19 22:51:57.663249	2023-12-19 22:51:57.663249
49	14	2023-12-19 22:51:57.689415	2023-12-19 22:51:57.689415
50	26	2023-12-19 22:51:57.701894	2023-12-19 22:51:57.701894
51	34	2023-12-19 22:51:57.715116	2023-12-19 22:51:57.715116
52	23	2023-12-19 22:51:57.742939	2023-12-19 22:51:57.742939
53	39	2023-12-19 22:51:57.765237	2023-12-19 22:51:57.765237
54	42	2023-12-19 22:51:57.778456	2023-12-19 22:51:57.778456
55	9	2023-12-19 22:51:57.80841	2023-12-19 22:51:57.80841
56	11	2023-12-19 22:51:57.821813	2023-12-19 22:51:57.821813
57	32	2023-12-19 22:51:57.83947	2023-12-19 22:51:57.83947
58	\N	2023-12-21 23:37:07.327308	2023-12-21 23:37:07.327308
59	\N	2023-12-21 23:37:07.332974	2023-12-21 23:37:07.332974
60	\N	2023-12-21 23:37:07.337118	2023-12-21 23:37:07.337118
61	\N	2023-12-21 23:37:07.341783	2023-12-21 23:37:07.341783
62	\N	2023-12-21 23:37:07.34587	2023-12-21 23:37:07.34587
63	\N	2023-12-21 23:37:07.35014	2023-12-21 23:37:07.35014
64	\N	2023-12-21 23:37:07.354133	2023-12-21 23:37:07.354133
65	\N	2023-12-21 23:37:42.444193	2023-12-21 23:37:42.444193
66	\N	2023-12-21 23:37:42.450504	2023-12-21 23:37:42.450504
67	\N	2023-12-21 23:37:42.454696	2023-12-21 23:37:42.454696
68	\N	2023-12-21 23:37:42.459109	2023-12-21 23:37:42.459109
69	\N	2023-12-21 23:37:42.463344	2023-12-21 23:37:42.463344
70	\N	2023-12-21 23:37:42.467369	2023-12-21 23:37:42.467369
71	\N	2023-12-21 23:37:42.471606	2023-12-21 23:37:42.471606
72	\N	2023-12-21 23:40:27.457171	2023-12-21 23:40:27.457171
73	\N	2023-12-21 23:40:27.46321	2023-12-21 23:40:27.46321
74	\N	2023-12-21 23:40:27.46776	2023-12-21 23:40:27.46776
75	\N	2023-12-21 23:40:27.47173	2023-12-21 23:40:27.47173
76	\N	2023-12-21 23:40:27.475602	2023-12-21 23:40:27.475602
77	\N	2023-12-21 23:40:27.480529	2023-12-21 23:40:27.480529
78	\N	2023-12-21 23:40:27.485039	2023-12-21 23:40:27.485039
79	\N	2023-12-22 00:03:41.193645	2023-12-22 00:03:41.193645
80	\N	2023-12-22 00:03:41.213171	2023-12-22 00:03:41.213171
81	\N	2023-12-22 00:03:41.233398	2023-12-22 00:03:41.233398
82	\N	2023-12-22 00:03:41.254529	2023-12-22 00:03:41.254529
83	\N	2023-12-22 00:03:41.26729	2023-12-22 00:03:41.26729
84	\N	2023-12-22 00:03:41.2807	2023-12-22 00:03:41.2807
85	\N	2023-12-22 00:03:41.293229	2023-12-22 00:03:41.293229
86	\N	2023-12-22 00:04:00.31898	2023-12-22 00:04:00.31898
87	\N	2023-12-22 00:04:00.331636	2023-12-22 00:04:00.331636
88	\N	2023-12-22 00:04:00.344906	2023-12-22 00:04:00.344906
89	\N	2023-12-22 00:04:00.358167	2023-12-22 00:04:00.358167
90	\N	2023-12-22 00:04:00.371791	2023-12-22 00:04:00.371791
91	\N	2023-12-22 00:04:00.384448	2023-12-22 00:04:00.384448
92	\N	2023-12-22 00:04:00.397632	2023-12-22 00:04:00.397632
93	\N	2023-12-22 00:06:26.311199	2023-12-22 00:06:26.311199
94	\N	2023-12-22 00:06:26.316824	2023-12-22 00:06:26.316824
95	\N	2023-12-22 00:06:26.321059	2023-12-22 00:06:26.321059
96	\N	2023-12-22 00:06:26.325773	2023-12-22 00:06:26.325773
97	\N	2023-12-22 00:06:26.330156	2023-12-22 00:06:26.330156
98	\N	2023-12-22 00:06:26.334947	2023-12-22 00:06:26.334947
99	\N	2023-12-22 00:06:26.339174	2023-12-22 00:06:26.339174
100	\N	2023-12-22 00:06:51.540937	2023-12-22 00:06:51.540937
101	\N	2023-12-22 00:06:51.547166	2023-12-22 00:06:51.547166
102	\N	2023-12-22 00:06:51.551828	2023-12-22 00:06:51.551828
103	\N	2023-12-22 00:06:51.556303	2023-12-22 00:06:51.556303
104	\N	2023-12-22 00:06:51.560335	2023-12-22 00:06:51.560335
105	\N	2023-12-22 00:06:51.564368	2023-12-22 00:06:51.564368
106	\N	2023-12-22 00:06:51.568382	2023-12-22 00:06:51.568382
107	\N	2023-12-22 00:10:43.362354	2023-12-22 00:10:43.362354
108	\N	2023-12-22 00:10:43.368551	2023-12-22 00:10:43.368551
109	\N	2023-12-22 00:10:43.373147	2023-12-22 00:10:43.373147
110	\N	2023-12-22 00:10:43.377667	2023-12-22 00:10:43.377667
111	\N	2023-12-22 00:10:43.382019	2023-12-22 00:10:43.382019
112	\N	2023-12-22 00:10:43.38675	2023-12-22 00:10:43.38675
113	\N	2023-12-22 00:10:43.3916	2023-12-22 00:10:43.3916
114	\N	2023-12-22 00:11:52.088773	2023-12-22 00:11:52.088773
115	\N	2023-12-22 00:11:52.093614	2023-12-22 00:11:52.093614
116	\N	2023-12-22 00:11:52.097547	2023-12-22 00:11:52.097547
117	\N	2023-12-22 00:11:52.101434	2023-12-22 00:11:52.101434
118	\N	2023-12-22 00:11:52.105442	2023-12-22 00:11:52.105442
119	\N	2023-12-22 00:11:52.109504	2023-12-22 00:11:52.109504
120	\N	2023-12-22 00:11:52.113326	2023-12-22 00:11:52.113326
121	\N	2023-12-22 00:11:57.411134	2023-12-22 00:11:57.411134
122	\N	2023-12-22 00:11:57.416196	2023-12-22 00:11:57.416196
123	\N	2023-12-22 00:11:57.420366	2023-12-22 00:11:57.420366
124	\N	2023-12-22 00:11:57.424483	2023-12-22 00:11:57.424483
125	\N	2023-12-22 00:11:57.428504	2023-12-22 00:11:57.428504
126	\N	2023-12-22 00:11:57.43259	2023-12-22 00:11:57.43259
127	\N	2023-12-22 00:11:57.436505	2023-12-22 00:11:57.436505
128	\N	2023-12-22 00:12:13.703467	2023-12-22 00:12:13.703467
129	\N	2023-12-22 00:12:13.708981	2023-12-22 00:12:13.708981
130	\N	2023-12-22 00:12:13.713524	2023-12-22 00:12:13.713524
131	\N	2023-12-22 00:12:13.717735	2023-12-22 00:12:13.717735
132	\N	2023-12-22 00:12:13.721739	2023-12-22 00:12:13.721739
133	\N	2023-12-22 00:12:13.725756	2023-12-22 00:12:13.725756
134	\N	2023-12-22 00:12:13.729737	2023-12-22 00:12:13.729737
135	\N	2023-12-22 00:12:20.437693	2023-12-22 00:12:20.437693
136	\N	2023-12-22 00:12:20.442965	2023-12-22 00:12:20.442965
137	\N	2023-12-22 00:12:20.446989	2023-12-22 00:12:20.446989
138	\N	2023-12-22 00:12:20.45124	2023-12-22 00:12:20.45124
139	\N	2023-12-22 00:12:20.45551	2023-12-22 00:12:20.45551
140	\N	2023-12-22 00:12:20.459598	2023-12-22 00:12:20.459598
141	\N	2023-12-22 00:12:20.463695	2023-12-22 00:12:20.463695
142	\N	2023-12-22 00:12:21.559977	2023-12-22 00:12:21.559977
143	\N	2023-12-22 00:12:21.56483	2023-12-22 00:12:21.56483
144	\N	2023-12-22 00:12:21.568869	2023-12-22 00:12:21.568869
145	\N	2023-12-22 00:12:21.57331	2023-12-22 00:12:21.57331
146	\N	2023-12-22 00:12:21.577701	2023-12-22 00:12:21.577701
147	\N	2023-12-22 00:12:21.581852	2023-12-22 00:12:21.581852
148	\N	2023-12-22 00:12:21.585989	2023-12-22 00:12:21.585989
149	\N	2023-12-22 00:12:22.236784	2023-12-22 00:12:22.236784
150	\N	2023-12-22 00:12:22.241814	2023-12-22 00:12:22.241814
151	\N	2023-12-22 00:12:22.245816	2023-12-22 00:12:22.245816
152	\N	2023-12-22 00:12:22.249741	2023-12-22 00:12:22.249741
153	\N	2023-12-22 00:12:22.253775	2023-12-22 00:12:22.253775
154	\N	2023-12-22 00:12:22.257759	2023-12-22 00:12:22.257759
155	\N	2023-12-22 00:12:22.26173	2023-12-22 00:12:22.26173
156	\N	2023-12-22 00:12:22.546143	2023-12-22 00:12:22.546143
157	\N	2023-12-22 00:12:22.551714	2023-12-22 00:12:22.551714
158	\N	2023-12-22 00:12:22.556139	2023-12-22 00:12:22.556139
159	\N	2023-12-22 00:12:22.560595	2023-12-22 00:12:22.560595
160	\N	2023-12-22 00:12:22.564503	2023-12-22 00:12:22.564503
161	\N	2023-12-22 00:12:22.56878	2023-12-22 00:12:22.56878
162	\N	2023-12-22 00:12:22.572895	2023-12-22 00:12:22.572895
163	\N	2023-12-22 00:12:23.165791	2023-12-22 00:12:23.165791
164	\N	2023-12-22 00:12:23.171234	2023-12-22 00:12:23.171234
165	\N	2023-12-22 00:12:23.175332	2023-12-22 00:12:23.175332
166	\N	2023-12-22 00:12:23.179413	2023-12-22 00:12:23.179413
167	\N	2023-12-22 00:12:23.183388	2023-12-22 00:12:23.183388
168	\N	2023-12-22 00:12:23.187857	2023-12-22 00:12:23.187857
169	\N	2023-12-22 00:12:23.192437	2023-12-22 00:12:23.192437
170	\N	2023-12-22 00:12:23.706637	2023-12-22 00:12:23.706637
171	\N	2023-12-22 00:12:23.711472	2023-12-22 00:12:23.711472
172	\N	2023-12-22 00:12:23.715879	2023-12-22 00:12:23.715879
173	\N	2023-12-22 00:12:23.720059	2023-12-22 00:12:23.720059
174	\N	2023-12-22 00:12:23.724342	2023-12-22 00:12:23.724342
175	\N	2023-12-22 00:12:23.728338	2023-12-22 00:12:23.728338
176	\N	2023-12-22 00:12:23.732478	2023-12-22 00:12:23.732478
177	\N	2023-12-22 00:12:24.240957	2023-12-22 00:12:24.240957
178	\N	2023-12-22 00:12:24.245866	2023-12-22 00:12:24.245866
179	\N	2023-12-22 00:12:24.249746	2023-12-22 00:12:24.249746
180	\N	2023-12-22 00:12:24.253773	2023-12-22 00:12:24.253773
181	\N	2023-12-22 00:12:24.258213	2023-12-22 00:12:24.258213
182	\N	2023-12-22 00:12:24.262624	2023-12-22 00:12:24.262624
183	\N	2023-12-22 00:12:24.266925	2023-12-22 00:12:24.266925
184	\N	2023-12-22 00:12:24.811264	2023-12-22 00:12:24.811264
185	\N	2023-12-22 00:12:24.820932	2023-12-22 00:12:24.820932
186	\N	2023-12-22 00:12:24.824854	2023-12-22 00:12:24.824854
187	\N	2023-12-22 00:12:24.828897	2023-12-22 00:12:24.828897
188	\N	2023-12-22 00:12:24.832869	2023-12-22 00:12:24.832869
189	\N	2023-12-22 00:12:24.836806	2023-12-22 00:12:24.836806
190	\N	2023-12-22 00:12:24.840802	2023-12-22 00:12:24.840802
191	\N	2023-12-22 00:12:25.75547	2023-12-22 00:12:25.75547
192	\N	2023-12-22 00:12:25.760389	2023-12-22 00:12:25.760389
193	\N	2023-12-22 00:12:25.764462	2023-12-22 00:12:25.764462
194	\N	2023-12-22 00:12:25.768542	2023-12-22 00:12:25.768542
195	\N	2023-12-22 00:12:25.772609	2023-12-22 00:12:25.772609
196	\N	2023-12-22 00:12:25.776618	2023-12-22 00:12:25.776618
197	\N	2023-12-22 00:12:25.780767	2023-12-22 00:12:25.780767
198	\N	2023-12-22 00:12:28.481322	2023-12-22 00:12:28.481322
199	\N	2023-12-22 00:12:28.486224	2023-12-22 00:12:28.486224
200	\N	2023-12-22 00:12:28.49049	2023-12-22 00:12:28.49049
201	\N	2023-12-22 00:12:28.494576	2023-12-22 00:12:28.494576
202	\N	2023-12-22 00:12:28.498522	2023-12-22 00:12:28.498522
203	\N	2023-12-22 00:12:28.503029	2023-12-22 00:12:28.503029
204	\N	2023-12-22 00:12:28.507561	2023-12-22 00:12:28.507561
205	\N	2023-12-22 00:13:20.096594	2023-12-22 00:13:20.096594
206	\N	2023-12-22 00:13:20.111772	2023-12-22 00:13:20.111772
207	\N	2023-12-22 00:13:20.125583	2023-12-22 00:13:20.125583
208	\N	2023-12-22 00:13:20.138581	2023-12-22 00:13:20.138581
209	\N	2023-12-22 00:13:20.151192	2023-12-22 00:13:20.151192
210	\N	2023-12-22 00:13:20.164334	2023-12-22 00:13:20.164334
211	\N	2023-12-22 00:13:20.177612	2023-12-22 00:13:20.177612
247	1	2024-01-14 15:22:18.550479	2024-01-14 15:22:21.526142
213	0	2024-01-06 20:18:35.772134	2024-01-07 15:45:30.843362
214	1	2024-01-06 20:18:35.796157	2024-01-07 15:47:13.054039
215	\N	2024-01-08 13:52:57.15909	2024-01-08 13:52:57.15909
248	3	2024-01-14 15:22:18.618437	2024-01-14 15:22:21.588141
217	0	2024-01-08 13:59:39.319588	2024-01-08 14:00:24.26663
218	1	2024-01-08 13:59:39.337736	2024-01-08 14:00:24.290033
219	2	2024-01-09 12:49:11.908142	2024-01-09 12:49:24.458146
220	1	2024-01-09 12:49:11.916529	2024-01-09 12:49:24.466702
221	2	2024-01-09 12:49:11.945098	2024-01-09 12:49:24.488399
212	2	2024-01-06 20:18:35.759749	2024-01-09 21:31:50.286631
216	8	2024-01-08 13:59:39.31428	2024-01-09 21:32:30.022998
222	7	2024-01-11 12:44:56.958008	2024-01-11 12:46:06.560128
223	2	2024-01-11 12:44:56.966549	2024-01-11 12:46:06.56631
224	2	2024-01-11 12:44:56.991209	2024-01-11 12:46:06.582531
225	7	2024-01-11 17:36:31.850664	2024-01-11 17:37:20.108737
226	2	2024-01-11 17:36:31.857711	2024-01-11 17:37:20.116218
227	1	2024-01-11 17:36:31.883217	2024-01-11 17:37:20.138705
228	5	2024-01-12 12:19:58.271609	2024-01-12 12:21:22.963842
229	0	2024-01-12 12:19:58.279566	2024-01-12 12:21:22.977671
230	3	2024-01-12 12:19:58.307987	2024-01-12 12:21:23.039022
231	5	2024-01-12 19:01:09.102891	2024-01-12 19:01:44.212224
232	1	2024-01-12 19:01:09.110765	2024-01-12 19:01:44.21725
233	3	2024-01-12 19:01:09.145359	2024-01-12 19:01:44.234995
234	4	2024-01-13 03:19:40.341168	2024-01-13 03:19:58.160064
235	2	2024-01-13 03:19:40.345905	2024-01-13 03:19:58.167525
236	1	2024-01-13 03:19:40.362705	2024-01-13 03:19:58.18898
237	6	2024-01-13 14:42:02.002395	2024-01-13 14:42:16.167066
238	1	2024-01-13 14:42:02.008113	2024-01-13 14:42:16.173099
239	2	2024-01-13 14:42:02.025245	2024-01-13 14:42:16.195117
240	6	2024-01-13 14:58:10.83274	2024-01-13 14:58:24.3345
241	1	2024-01-13 14:58:10.848091	2024-01-13 14:58:24.356554
242	2	2024-01-13 14:58:10.909773	2024-01-13 14:58:24.416707
243	4	2024-01-14 02:59:38.53777	2024-01-14 02:59:44.110037
244	1	2024-01-14 02:59:38.545262	2024-01-14 02:59:44.11791
245	2	2024-01-14 02:59:38.564942	2024-01-14 02:59:44.138176
246	4	2024-01-14 15:22:18.456732	2024-01-14 15:22:21.456703
\.


--
-- Data for Name: organisms; Type: TABLE DATA; Schema: public; Owner: tim
--

COPY public.organisms (id, generation_id, fitness, created_at, updated_at) FROM stdin;
53	2	\N	2023-12-22 00:13:20.062243	2023-12-22 00:13:20.062243
58	3	\N	2024-01-11 17:36:31.808322	2024-01-11 17:36:31.808322
59	3	\N	2024-01-12 12:19:58.231167	2024-01-12 12:19:58.231167
60	3	\N	2024-01-12 19:01:09.060385	2024-01-12 19:01:09.060385
61	3	\N	2024-01-13 03:19:40.334851	2024-01-13 03:19:40.334851
64	3	\N	2024-01-14 02:59:38.50625	2024-01-14 02:59:38.50625
54	3	10	2024-01-06 20:18:35.736099	2024-01-14 21:21:49.532267
55	3	10	2024-01-08 13:59:39.307023	2024-01-14 21:24:06.621955
56	3	20	2024-01-09 12:49:11.855226	2024-01-14 21:26:22.510216
57	3	10	2024-01-11 12:44:56.906968	2024-01-14 21:27:28.983108
\.


--
-- Data for Name: relationships; Type: TABLE DATA; Schema: public; Owner: tim
--

COPY public.relationships (id, parent_id, child_id, created_at, updated_at) FROM stdin;
\.


--
-- Data for Name: schema_migrations; Type: TABLE DATA; Schema: public; Owner: tim
--

COPY public.schema_migrations (version) FROM stdin;
20231212001414
20231212004656
20231212010508
20231212010509
20231212010510
20231212010624
20231218174105
20231218182305
20231218190724
20231218191730
20231218213531
20231221222357
20240106204327
\.


--
-- Data for Name: values; Type: TABLE DATA; Schema: public; Owner: tim
--

COPY public."values" (id, organism_id, allele_id, valuable_type, valuable_id, created_at, updated_at) FROM stdin;
212	53	7	Values::Integer	205	2023-12-22 00:13:20.098557	2023-12-22 00:13:20.098557
213	53	8	Values::Integer	206	2023-12-22 00:13:20.112647	2023-12-22 00:13:20.112647
214	53	9	Values::Integer	207	2023-12-22 00:13:20.126508	2023-12-22 00:13:20.126508
215	53	10	Values::Integer	208	2023-12-22 00:13:20.139431	2023-12-22 00:13:20.139431
216	53	11	Values::Integer	209	2023-12-22 00:13:20.152003	2023-12-22 00:13:20.152003
217	53	12	Values::Integer	210	2023-12-22 00:13:20.165145	2023-12-22 00:13:20.165145
218	53	13	Values::Integer	211	2023-12-22 00:13:20.178796	2023-12-22 00:13:20.178796
247	57	14	Values::Integer	222	2024-01-11 12:44:56.961164	2024-01-11 12:46:06.561283
220	54	15	Values::Integer	213	2024-01-06 20:18:35.773038	2024-01-07 15:45:30.844718
221	54	16	Values::Float	1	2024-01-06 20:18:35.785269	2024-01-07 15:45:51.815211
222	54	17	Values::Float	2	2024-01-06 20:18:35.789237	2024-01-07 15:46:26.16422
223	54	18	Values::Float	3	2024-01-06 20:18:35.793239	2024-01-07 15:46:54.605154
224	54	19	Values::Integer	214	2024-01-06 20:18:35.797055	2024-01-07 15:47:13.055371
225	54	20	Values::Float	4	2024-01-06 20:18:35.800996	2024-01-07 15:47:43.676284
226	54	21	Values::Float	5	2024-01-07 16:02:49.190053	2024-01-07 16:03:43.299948
228	54	22	Values::Float	6	2024-01-08 13:54:09.706454	2024-01-08 13:58:02.184675
248	57	15	Values::Integer	223	2024-01-11 12:44:56.967548	2024-01-11 12:46:06.566778
230	55	15	Values::Integer	217	2024-01-08 13:59:39.320734	2024-01-08 14:00:24.26727
231	55	16	Values::Float	7	2024-01-08 13:59:39.325432	2024-01-08 14:00:24.273305
232	55	17	Values::Float	8	2024-01-08 13:59:39.329696	2024-01-08 14:00:24.279161
233	55	18	Values::Float	9	2024-01-08 13:59:39.333935	2024-01-08 14:00:24.284816
234	55	19	Values::Integer	218	2024-01-08 13:59:39.338884	2024-01-08 14:00:24.291134
235	55	20	Values::Float	10	2024-01-08 13:59:39.343533	2024-01-08 14:00:24.297535
236	55	21	Values::Float	11	2024-01-08 13:59:39.348232	2024-01-08 14:00:24.302668
237	55	22	Values::Float	12	2024-01-08 13:59:39.353269	2024-01-08 14:00:24.307546
238	56	14	Values::Integer	219	2024-01-09 12:49:11.91161	2024-01-09 12:49:24.460045
239	56	15	Values::Integer	220	2024-01-09 12:49:11.917395	2024-01-09 12:49:24.467774
240	56	16	Values::Float	13	2024-01-09 12:49:11.931039	2024-01-09 12:49:24.47396
241	56	17	Values::Float	14	2024-01-09 12:49:11.936354	2024-01-09 12:49:24.479249
242	56	18	Values::Float	15	2024-01-09 12:49:11.94102	2024-01-09 12:49:24.484068
243	56	19	Values::Integer	221	2024-01-09 12:49:11.946253	2024-01-09 12:49:24.489164
244	56	20	Values::Float	16	2024-01-09 12:49:11.951398	2024-01-09 12:49:24.495151
245	56	21	Values::Float	17	2024-01-09 12:49:11.956503	2024-01-09 12:49:24.500067
246	56	22	Values::Float	18	2024-01-09 12:49:11.961304	2024-01-09 12:49:24.50484
219	54	14	Values::Integer	212	2024-01-06 20:18:35.765472	2024-01-09 21:31:50.297514
229	55	14	Values::Integer	216	2024-01-08 13:59:39.315782	2024-01-09 21:32:30.024712
249	57	16	Values::Float	19	2024-01-11 12:44:56.979585	2024-01-11 12:46:06.571089
250	57	17	Values::Float	20	2024-01-11 12:44:56.983731	2024-01-11 12:46:06.575065
251	57	18	Values::Float	21	2024-01-11 12:44:56.987919	2024-01-11 12:46:06.578926
252	57	19	Values::Integer	224	2024-01-11 12:44:56.991941	2024-01-11 12:46:06.582988
253	57	20	Values::Float	22	2024-01-11 12:44:56.99601	2024-01-11 12:46:06.587024
255	57	22	Values::Float	24	2024-01-11 12:44:57.004903	2024-01-11 12:46:06.592469
254	57	21	Values::Float	23	2024-01-11 12:44:57.000669	2024-01-11 12:54:13.484425
256	58	14	Values::Integer	225	2024-01-11 17:36:31.853646	2024-01-11 17:37:20.109939
257	58	15	Values::Integer	226	2024-01-11 17:36:31.858623	2024-01-11 17:37:20.117129
258	58	16	Values::Float	25	2024-01-11 17:36:31.871276	2024-01-11 17:37:20.123041
259	58	17	Values::Float	26	2024-01-11 17:36:31.875622	2024-01-11 17:37:20.12846
260	58	18	Values::Float	27	2024-01-11 17:36:31.879862	2024-01-11 17:37:20.13385
261	58	19	Values::Integer	227	2024-01-11 17:36:31.884089	2024-01-11 17:37:20.13944
262	58	20	Values::Float	28	2024-01-11 17:36:31.888298	2024-01-11 17:37:20.144806
264	58	22	Values::Float	30	2024-01-11 17:36:31.897242	2024-01-11 17:37:20.152674
263	58	21	Values::Float	29	2024-01-11 17:36:31.892779	2024-01-11 17:40:17.675524
265	59	14	Values::Integer	228	2024-01-12 12:19:58.275173	2024-01-12 12:21:22.964765
266	59	15	Values::Integer	229	2024-01-12 12:19:58.280535	2024-01-12 12:21:22.978134
267	59	16	Values::Float	31	2024-01-12 12:19:58.294254	2024-01-12 12:21:22.994607
268	59	17	Values::Float	32	2024-01-12 12:19:58.299192	2024-01-12 12:21:23.008228
269	59	18	Values::Float	33	2024-01-12 12:19:58.304161	2024-01-12 12:21:23.021404
270	59	19	Values::Integer	230	2024-01-12 12:19:58.308829	2024-01-12 12:21:23.039646
271	59	20	Values::Float	34	2024-01-12 12:19:58.313382	2024-01-12 12:21:23.052741
272	59	21	Values::Float	35	2024-01-12 12:19:58.318004	2024-01-12 12:21:23.066599
273	59	22	Values::Float	36	2024-01-12 12:19:58.322789	2024-01-12 12:21:23.079979
274	60	14	Values::Integer	231	2024-01-12 19:01:09.106413	2024-01-12 19:01:44.213408
275	60	15	Values::Integer	232	2024-01-12 19:01:09.111668	2024-01-12 19:01:44.217835
276	60	16	Values::Float	37	2024-01-12 19:01:09.131714	2024-01-12 19:01:44.222423
277	60	17	Values::Float	38	2024-01-12 19:01:09.136888	2024-01-12 19:01:44.226837
278	60	18	Values::Float	39	2024-01-12 19:01:09.141611	2024-01-12 19:01:44.231188
279	60	19	Values::Integer	233	2024-01-12 19:01:09.146304	2024-01-12 19:01:44.23557
280	60	20	Values::Float	40	2024-01-12 19:01:09.150823	2024-01-12 19:01:44.240273
281	60	21	Values::Float	41	2024-01-12 19:01:09.15523	2024-01-12 19:01:44.244975
282	60	22	Values::Float	42	2024-01-12 19:01:09.15968	2024-01-12 19:01:44.249554
283	61	14	Values::Integer	234	2024-01-13 03:19:40.342606	2024-01-13 03:19:58.161159
284	61	15	Values::Integer	235	2024-01-13 03:19:40.346814	2024-01-13 03:19:58.168548
285	61	16	Values::Float	43	2024-01-13 03:19:40.350734	2024-01-13 03:19:58.173616
286	61	17	Values::Float	44	2024-01-13 03:19:40.354846	2024-01-13 03:19:58.178647
287	61	18	Values::Float	45	2024-01-13 03:19:40.359351	2024-01-13 03:19:58.184617
288	61	19	Values::Integer	236	2024-01-13 03:19:40.363806	2024-01-13 03:19:58.189633
289	61	20	Values::Float	46	2024-01-13 03:19:40.367985	2024-01-13 03:19:58.194495
290	61	21	Values::Float	47	2024-01-13 03:19:40.372644	2024-01-13 03:19:58.200135
291	61	22	Values::Float	48	2024-01-13 03:19:40.37682	2024-01-13 03:19:58.205105
310	64	14	Values::Integer	243	2024-01-14 02:59:38.541685	2024-01-14 02:59:44.11364
311	64	15	Values::Integer	244	2024-01-14 02:59:38.546126	2024-01-14 02:59:44.118664
312	64	16	Values::Float	61	2024-01-14 02:59:38.551965	2024-01-14 02:59:44.124365
313	64	17	Values::Float	62	2024-01-14 02:59:38.556538	2024-01-14 02:59:44.1286
314	64	18	Values::Float	63	2024-01-14 02:59:38.561496	2024-01-14 02:59:44.133482
315	64	19	Values::Integer	245	2024-01-14 02:59:38.566075	2024-01-14 02:59:44.138875
316	64	20	Values::Float	64	2024-01-14 02:59:38.570904	2024-01-14 02:59:44.144088
317	64	21	Values::Float	65	2024-01-14 02:59:38.575673	2024-01-14 02:59:44.149218
318	64	22	Values::Float	66	2024-01-14 02:59:38.580936	2024-01-14 02:59:44.153995
\.


--
-- Name: alleles_id_seq; Type: SEQUENCE SET; Schema: public; Owner: tim
--

SELECT pg_catalog.setval('public.alleles_id_seq', 22, true);


--
-- Name: boolean_alleles_id_seq; Type: SEQUENCE SET; Schema: public; Owner: tim
--

SELECT pg_catalog.setval('public.boolean_alleles_id_seq', 1, false);


--
-- Name: boolean_values_id_seq; Type: SEQUENCE SET; Schema: public; Owner: tim
--

SELECT pg_catalog.setval('public.boolean_values_id_seq', 1, false);


--
-- Name: chromosomes_id_seq; Type: SEQUENCE SET; Schema: public; Owner: tim
--

SELECT pg_catalog.setval('public.chromosomes_id_seq', 7, true);


--
-- Name: float_alleles_id_seq; Type: SEQUENCE SET; Schema: public; Owner: tim
--

SELECT pg_catalog.setval('public.float_alleles_id_seq', 13, true);


--
-- Name: float_values_id_seq; Type: SEQUENCE SET; Schema: public; Owner: tim
--

SELECT pg_catalog.setval('public.float_values_id_seq', 72, true);


--
-- Name: generations_id_seq; Type: SEQUENCE SET; Schema: public; Owner: tim
--

SELECT pg_catalog.setval('public.generations_id_seq', 3, true);


--
-- Name: integer_alleles_id_seq; Type: SEQUENCE SET; Schema: public; Owner: tim
--

SELECT pg_catalog.setval('public.integer_alleles_id_seq', 17, true);


--
-- Name: integer_values_id_seq; Type: SEQUENCE SET; Schema: public; Owner: tim
--

SELECT pg_catalog.setval('public.integer_values_id_seq', 248, true);


--
-- Name: organisms_id_seq; Type: SEQUENCE SET; Schema: public; Owner: tim
--

SELECT pg_catalog.setval('public.organisms_id_seq', 65, true);


--
-- Name: relationships_id_seq; Type: SEQUENCE SET; Schema: public; Owner: tim
--

SELECT pg_catalog.setval('public.relationships_id_seq', 1, false);


--
-- Name: values_id_seq; Type: SEQUENCE SET; Schema: public; Owner: tim
--

SELECT pg_catalog.setval('public.values_id_seq', 327, true);


--
-- Name: alleles alleles_pkey; Type: CONSTRAINT; Schema: public; Owner: tim
--

ALTER TABLE ONLY public.alleles
    ADD CONSTRAINT alleles_pkey PRIMARY KEY (id);


--
-- Name: ar_internal_metadata ar_internal_metadata_pkey; Type: CONSTRAINT; Schema: public; Owner: tim
--

ALTER TABLE ONLY public.ar_internal_metadata
    ADD CONSTRAINT ar_internal_metadata_pkey PRIMARY KEY (key);


--
-- Name: boolean_alleles boolean_alleles_pkey; Type: CONSTRAINT; Schema: public; Owner: tim
--

ALTER TABLE ONLY public.boolean_alleles
    ADD CONSTRAINT boolean_alleles_pkey PRIMARY KEY (id);


--
-- Name: boolean_values boolean_values_pkey; Type: CONSTRAINT; Schema: public; Owner: tim
--

ALTER TABLE ONLY public.boolean_values
    ADD CONSTRAINT boolean_values_pkey PRIMARY KEY (id);


--
-- Name: chromosomes chromosomes_pkey; Type: CONSTRAINT; Schema: public; Owner: tim
--

ALTER TABLE ONLY public.chromosomes
    ADD CONSTRAINT chromosomes_pkey PRIMARY KEY (id);


--
-- Name: float_alleles float_alleles_pkey; Type: CONSTRAINT; Schema: public; Owner: tim
--

ALTER TABLE ONLY public.float_alleles
    ADD CONSTRAINT float_alleles_pkey PRIMARY KEY (id);


--
-- Name: float_values float_values_pkey; Type: CONSTRAINT; Schema: public; Owner: tim
--

ALTER TABLE ONLY public.float_values
    ADD CONSTRAINT float_values_pkey PRIMARY KEY (id);


--
-- Name: generations generations_pkey; Type: CONSTRAINT; Schema: public; Owner: tim
--

ALTER TABLE ONLY public.generations
    ADD CONSTRAINT generations_pkey PRIMARY KEY (id);


--
-- Name: integer_alleles integer_alleles_pkey; Type: CONSTRAINT; Schema: public; Owner: tim
--

ALTER TABLE ONLY public.integer_alleles
    ADD CONSTRAINT integer_alleles_pkey PRIMARY KEY (id);


--
-- Name: integer_values integer_values_pkey; Type: CONSTRAINT; Schema: public; Owner: tim
--

ALTER TABLE ONLY public.integer_values
    ADD CONSTRAINT integer_values_pkey PRIMARY KEY (id);


--
-- Name: organisms organisms_pkey; Type: CONSTRAINT; Schema: public; Owner: tim
--

ALTER TABLE ONLY public.organisms
    ADD CONSTRAINT organisms_pkey PRIMARY KEY (id);


--
-- Name: relationships relationships_pkey; Type: CONSTRAINT; Schema: public; Owner: tim
--

ALTER TABLE ONLY public.relationships
    ADD CONSTRAINT relationships_pkey PRIMARY KEY (id);


--
-- Name: schema_migrations schema_migrations_pkey; Type: CONSTRAINT; Schema: public; Owner: tim
--

ALTER TABLE ONLY public.schema_migrations
    ADD CONSTRAINT schema_migrations_pkey PRIMARY KEY (version);


--
-- Name: values values_pkey; Type: CONSTRAINT; Schema: public; Owner: tim
--

ALTER TABLE ONLY public."values"
    ADD CONSTRAINT values_pkey PRIMARY KEY (id);


--
-- Name: index_alleles_on_chromosome_id; Type: INDEX; Schema: public; Owner: tim
--

CREATE INDEX index_alleles_on_chromosome_id ON public.alleles USING btree (chromosome_id);


--
-- Name: index_generations_on_chromosome_id; Type: INDEX; Schema: public; Owner: tim
--

CREATE INDEX index_generations_on_chromosome_id ON public.generations USING btree (chromosome_id);


--
-- Name: index_organisms_on_generation_id; Type: INDEX; Schema: public; Owner: tim
--

CREATE INDEX index_organisms_on_generation_id ON public.organisms USING btree (generation_id);


--
-- Name: index_relationships_on_child_id; Type: INDEX; Schema: public; Owner: tim
--

CREATE INDEX index_relationships_on_child_id ON public.relationships USING btree (child_id);


--
-- Name: index_relationships_on_parent_id; Type: INDEX; Schema: public; Owner: tim
--

CREATE INDEX index_relationships_on_parent_id ON public.relationships USING btree (parent_id);


--
-- Name: index_values_on_allele_id; Type: INDEX; Schema: public; Owner: tim
--

CREATE INDEX index_values_on_allele_id ON public."values" USING btree (allele_id);


--
-- Name: index_values_on_organism_id; Type: INDEX; Schema: public; Owner: tim
--

CREATE INDEX index_values_on_organism_id ON public."values" USING btree (organism_id);


--
-- Name: organisms fk_rails_2bf0d94697; Type: FK CONSTRAINT; Schema: public; Owner: tim
--

ALTER TABLE ONLY public.organisms
    ADD CONSTRAINT fk_rails_2bf0d94697 FOREIGN KEY (generation_id) REFERENCES public.generations(id);


--
-- Name: relationships fk_rails_2e531d851e; Type: FK CONSTRAINT; Schema: public; Owner: tim
--

ALTER TABLE ONLY public.relationships
    ADD CONSTRAINT fk_rails_2e531d851e FOREIGN KEY (parent_id) REFERENCES public.chromosomes(id);


--
-- Name: generations fk_rails_ae622236aa; Type: FK CONSTRAINT; Schema: public; Owner: tim
--

ALTER TABLE ONLY public.generations
    ADD CONSTRAINT fk_rails_ae622236aa FOREIGN KEY (chromosome_id) REFERENCES public.chromosomes(id);


--
-- Name: values fk_rails_c859deb1bc; Type: FK CONSTRAINT; Schema: public; Owner: tim
--

ALTER TABLE ONLY public."values"
    ADD CONSTRAINT fk_rails_c859deb1bc FOREIGN KEY (organism_id) REFERENCES public.organisms(id);


--
-- Name: alleles fk_rails_e6ed54774e; Type: FK CONSTRAINT; Schema: public; Owner: tim
--

ALTER TABLE ONLY public.alleles
    ADD CONSTRAINT fk_rails_e6ed54774e FOREIGN KEY (chromosome_id) REFERENCES public.chromosomes(id);


--
-- Name: relationships fk_rails_fb08f21422; Type: FK CONSTRAINT; Schema: public; Owner: tim
--

ALTER TABLE ONLY public.relationships
    ADD CONSTRAINT fk_rails_fb08f21422 FOREIGN KEY (child_id) REFERENCES public.chromosomes(id);


--
-- Name: values fk_rails_fe1fc77f28; Type: FK CONSTRAINT; Schema: public; Owner: tim
--

ALTER TABLE ONLY public."values"
    ADD CONSTRAINT fk_rails_fe1fc77f28 FOREIGN KEY (allele_id) REFERENCES public.alleles(id);


--
-- PostgreSQL database dump complete
--

